{
  "project_info": {
    "project_number": "236480700760",
    "project_id": "emergencybloodline",
    "storage_bucket": "emergencybloodline.appspot.com"
  },
  "client": [
    {
      "client_info": {
        "mobilesdk_app_id": "1:236480700760:android:60df8ffcc146374d6a452d",
        "android_client_info": {
          "package_name": "com.vinayak09.EmergencyBloodline"
        }
      },
      "oauth_client": [
        {
          "client_id": "236480700760-4ja3blmiqpqshjrljpdhsj7oc6sg5u5n.apps.googleusercontent.com",
          "client_type": 1,
          "android_info": {
            "package_name": "com.vinayak09.EmergencyBloodline",
            "certificate_hash": "14d80799c88ef4def1a76bea213eb8f285e41bac"
          }
        },
        {
          "client_id": "236480700760-jmlfejkst5laugsug25f4nbmh9djt8f3.apps.googleusercontent.com",
          "client_type": 3
        }
      ],
      "api_key": [
        {
          "current_key": "AIzaSyCy--UjP0lmG61Qn1atV84nyG4EIgJoxLY"
        }
      ],
      "services": {
        "appinvite_service": {
          "other_platform_oauth_client": [
            {
              "client_id": "236480700760-jmlfejkst5laugsug25f4nbmh9djt8f3.apps.googleusercontent.com",
              "client_type": 3
            }
          ]
        }
      }
    }
  ],
  "configuration_version": "1"
}